Workbook

Sheet Sheet1
A1: Task Management Tracker
A5: Total Task
A7: =COUNTA(B20:B44) -> 15
A19: Task ID | B19: Task Name | C19: Description | D19: Assigned To | E19: Start Date | F19: Due Date | G19: Priority | H19: Status | I19: Completion Date | J19: Notes | K19: Is Overdue | L19: Pending Days | M19: Pending Age
A20: {=SEQUENCE(COUNTA(B20:B134),1)} -> 1 | B20: Conduct Team Meeting | C20: Lead a meeting to discuss project updates. | D20: Olivia Parker | E20: 45504 | F20: 45506 | G20: Medium | H20: In Progress | K20: =IF(F20<IF(I20="",TODAY(),I20),"Yes","No") -> Yes | L20: =IF(AND(H20<>"Completed",E20<=TODAY()),TODAY()-E20,"") -> 484 | M20: =IFERROR(VLOOKUP(L20,Sheet2!$D$5:$E$9,2,1),"") -> Above 20 days
A21: 2 | B21: Write Blog Post | C21: Create a new blog article | D21: Ethan Williams | E21: 45476 | F21: 45477 | G21: High | H21: Not Started | K21: =IF(F21<IF(I21="",TODAY(),I21),"Yes","No") -> Yes | L21: =IF(AND(H21<>"Completed",E21<=TODAY()),TODAY()-E21,"") -> 512 | M21: =IFERROR(VLOOKUP(L21,Sheet2!$D$5:$E$9,2,1),"") -> Above 20 days
A22: 3 | B22: Update Customer Database | C22: Refresh customer records | D22: Sophia Johnson | E22: 45478 | F22: 45479 | G22: Low | H22: In Progress | K22: =IF(F22<IF(I22="",TODAY(),I22),"Yes","No") -> Yes | L22: =IF(AND(H22<>"Completed",E22<=TODAY()),TODAY()-E22,"") -> 510 | M22: =IFERROR(VLOOKUP(L22,Sheet2!$D$5:$E$9,2,1),"") -> Above 20 days
A23: 4 | B23: Prepare Financial Report | C23: Compile quarterly financial data | D23: Mason Brown | E23: 45482 | F23: 45483 | G23: High | H23: Completed | I23: 45483 | K23: =IF(F23<IF(I23="",TODAY(),I23),"Yes","No") -> No | L23: =IF(AND(H23<>"Completed",E23<=TODAY()),TODAY()-E23,"") | M23: =IFERROR(VLOOKUP(L23,Sheet2!$D$5:$E$9,2,1),"")
A24: 5 | B24: Organize Office Event | C24: Plan an office event | D24: Isabella Davis | E24: 45490 | F24: 45491 | G24: Medium | H24: Completed | I24: 45492 | K24: =IF(F24<IF(I24="",TODAY(),I24),"Yes","No") -> Yes | L24: =IF(AND(H24<>"Completed",E24<=TODAY()),TODAY()-E24,"") | M24: =IFERROR(VLOOKUP(L24,Sheet2!$D$5:$E$9,2,1),"")
A25: 6 | B25: Develop Mobile App | C25: Build a mobile app | D25: Liam Martinez | E25: 45486 | F25: 45487 | G25: Medium | H25: Not Started | K25: =IF(F25<IF(I25="",TODAY(),I25),"Yes","No") -> Yes | L25: =IF(AND(H25<>"Completed",E25<=TODAY()),TODAY()-E25,"") -> 502 | M25: =IFERROR(VLOOKUP(L25,Sheet2!$D$5:$E$9,2,1),"") -> Above 20 days
A26: 7 | B26: Test Website Functionality | C26: Test website for bugs | D26: Ava Wilson | E26: 45494 | F26: 45495 | G26: Low | H26: In Progress | K26: =IF(F26<IF(I26="",TODAY(),I26),"Yes","No") -> Yes | L26: =IF(AND(H26<>"Completed",E26<=TODAY()),TODAY()-E26,"") -> 494 | M26: =IFERROR(VLOOKUP(L26,Sheet2!$D$5:$E$9,2,1),"") -> Above 20 days
A27: 8 | B27: Draft Employee Handbook | C27: Write employee guidelines | D27: Noah Anderson | E27: 45491 | F27: 45493 | G27: Medium | H27: Completed | I27: 45493 | K27: =IF(F27<IF(I27="",TODAY(),I27),"Yes","No") -> No | L27: =IF(AND(H27<>"Completed",E27<=TODAY()),TODAY()-E27,"") | M27: =IFERROR(VLOOKUP(L27,Sheet2!$D$5:$E$9,2,1),"")
A28: 9 | B28: Analyze Sales Data | C28: Review sales trends | D28: Mia Thomas | E28: 45495 | F28: 45496 | G28: High | H28: Not Started | K28: =IF(F28<IF(I28="",TODAY(),I28),"Yes","No") -> Yes | L28: =IF(AND(H28<>"Completed",E28<=TODAY()),TODAY()-E28,"") -> 493 | M28: =IFERROR(VLOOKUP(L28,Sheet2!$D$5:$E$9,2,1),"") -> Above 20 days
A29: 10 | B29: Plan Product Launch | C29: Coordinate product launch | D29: Lucas Taylor | E29: 45497 | F29: 45498 | G29: Medium | H29: In Progress | K29: =IF(F29<IF(I29="",TODAY(),I29),"Yes","No") -> Yes | L29: =IF(AND(H29<>"Completed",E29<=TODAY()),TODAY()-E29,"") -> 491 | M29: =IFERROR(VLOOKUP(L29,Sheet2!$D$5:$E$9,2,1),"") -> Above 20 days
A30: 11 | B30: Create Social Media Content | C30: Develop social media posts | D30: Charlotte Hernandez | E30: 45499 | F30: 45500 | G30: Low | H30: Not Started | K30: =IF(F30<IF(I30="",TODAY(),I30),"Yes","No") -> Yes | L30: =IF(AND(H30<>"Completed",E30<=TODAY()),TODAY()-E30,"") -> 489 | M30: =IFERROR(VLOOKUP(L30,Sheet2!$D$5:$E$9,2,1),"") -> Above 20 days
A31: 12 | B31: Review Legal Documents | C31: Check legal compliance | D31: Amelia Moore | E31: 45475 | F31: 45476 | G31: High | H31: Completed | I31: 45483 | K31: =IF(F31<IF(I31="",TODAY(),I31),"Yes","No") -> Yes | L31: =IF(AND(H31<>"Completed",E31<=TODAY()),TODAY()-E31,"") | M31: =IFERROR(VLOOKUP(L31,Sheet2!$D$5:$E$9,2,1),"")
A32: 13 | B32: Implement Security Measures | C32: Deploy security protocols | D32: James Martin | E32: 45478 | F32: 45480 | G32: Medium | H32: In Progress | K32: =IF(F32<IF(I32="",TODAY(),I32),"Yes","No") -> Yes | L32: =IF(AND(H32<>"Completed",E32<=TODAY()),TODAY()-E32,"") -> 510 | M32: =IFERROR(VLOOKUP(L32,Sheet2!$D$5:$E$9,2,1),"") -> Above 20 days
A33: 14 | B33: Set Up New Employee Workstations | C33: Prepare workstations for new hires | D33: Harper Jackson | E33: 45483 | F33: 45485 | G33: Low | H33: In Progress | K33: =IF(F33<IF(I33="",TODAY(),I33),"Yes","No") -> Yes | L33: =IF(AND(H33<>"Completed",E33<=TODAY()),TODAY()-E33,"") -> 505 | M33: =IFERROR(VLOOKUP(L33,Sheet2!$D$5:$E$9,2,1),"") -> Above 20 days
A34: 15 | B34: Conduct Market Analysis | C34: Research market trends | D34: Alexander Garcia | E34: 45490 | F34: 45492 | G34: High | H34: Not Started | K34: =IF(E20="","", IF(F34<IF(I34="",TODAY(),I34),"Yes","No")) -> Yes | L34: =IF(AND(H34<>"Completed",E34<=TODAY()),TODAY()-E34,"") -> 498 | M34: =IFERROR(VLOOKUP(L34,Sheet2!$D$5:$E$9,2,1),"") -> Above 20 days

Sheet Sheet2
A1: Assigned To
A2: Olivia Parker
A3: Ethan Williams
A4: Sophia Johnson | D4: Pending Days | E4: Buckets
A5: Mason Brown | D5: 0 | E5: 0 to 5 days
A6: Isabella Davis | D6: 5 | E6: 5 to 10 days
A7: Liam Martinez | D7: 10 | E7: 10 to 15 days
A8: Ava Wilson | D8: 15 | E8: 15 to 20 days
A9: Noah Anderson | D9: 20 | E9: Above 20 days
A10: Mia Thomas
A11: Lucas Taylor
A12: Charlotte Hernandez
A13: Amelia Moore
A14: James Martin
A15: Harper Jackson
A16: Alexander Garcia
